{
  "beta2": 0.9,
  "trunk_dim": 25165824,
  "n_checkpoints": 51,
  "pc1_pct_rownorm": 66.6623757905187,
  "pc2_pct_rownorm": 14.968423982701529,
  "pc1_pct_raw": 80.82742069486046,
  "singular_values_rownorm": [
    5.830764242632781,
    2.762950638570637,
    1.7396034492105308,
    1.2618449201418027,
    1.0126738251130196,
    0.8518795626018673,
    0.7153114084279629,
    0.6192806461321694,
    0.5602613643638391,
    0.5071182697177822,
    0.4512730457913597,
    0.3991585060799918,
    0.36317410005014683,
    0.3317388769837347,
    0.30853124740222554,
    0.28551486773581636,
    0.2653527015270815,
    0.248872445319946,
    0.23424953137218743,
    0.22320678450999556
  ],
  "explained_var_rownorm": [
    0.6666237579051869,
    0.1496842398270153,
    0.05933765020598298,
    0.031220639264463713,
    0.020108005413118035,
    0.014229388023112513,
    0.010032753157395855,
    0.007519774875958268,
    0.00615476071370247,
    0.005042528225128501,
    0.00399308552662368,
    0.003124068881882521,
    0.002586184842102591,
    0.002157856519655449,
    0.0018665006004621946,
    0.0015984066607490103,
    0.0013806285530925371,
    0.0012144606674417376,
    0.0010759380970213456,
    0.0009768876206135465
  ]
}