{
  "beta2": 0.0,
  "trunk_dim": 25165824,
  "n_checkpoints": 51,
  "pc1_pct_rownorm": 52.47771426752963,
  "pc2_pct_rownorm": 29.883357059847064,
  "pc1_pct_raw": 81.26924677352105,
  "singular_values_rownorm": [
    5.17335812376273,
    3.9039098479179875,
    1.5368974986478237,
    1.371456993087749,
    1.1197936684302197,
    0.9584014994910475,
    0.789052451116078,
    0.6473918385635604,
    0.5063095329937591,
    0.47269094871567374,
    0.4287240453129455,
    0.34611807283896967,
    0.33977645289068376,
    0.29510860759295243,
    0.2781920062853519,
    0.25818375839139046,
    0.23962418251000128,
    0.2106733446908736,
    0.1973971107743674,
    0.1859634214406982
  ],
  "explained_var_rownorm": [
    0.5247771426752963,
    0.29883357059847065,
    0.04631478277111448,
    0.03688028007589993,
    0.024587016859689146,
    0.01801045949446482,
    0.012207917070709846,
    0.008217964561462912,
    0.005026457709761796,
    0.004381112411677229,
    0.003604006020150963,
    0.0023489749087174665,
    0.002263687018389138,
    0.001707629221070579,
    0.0015174665168688716,
    0.0013070363352245494,
    0.0011258774282946057,
    0.0008702599639765806,
    0.0007640317517977807,
    0.0006780861590900499
  ]
}