{
  "beta2": 0.8,
  "trunk_dim": 25165824,
  "n_checkpoints": 51,
  "pc1_pct_rownorm": 63.849848296218184,
  "pc2_pct_rownorm": 16.143971470595105,
  "pc1_pct_raw": 78.98118850449478,
  "singular_values_rownorm": [
    5.706436947086324,
    2.869394613852138,
    1.8055784978936522,
    1.2989269828929961,
    1.0473818356805518,
    0.8908217252273961,
    0.746661154333679,
    0.6513143465439901,
    0.5909249942395618,
    0.5371288943318767,
    0.4775525209805106,
    0.42653634572666443,
    0.3877300401918059,
    0.35547015289127415,
    0.33152453568874946,
    0.30475860566195745,
    0.2846474314077773,
    0.2664613249092225,
    0.2515810386758641,
    0.24041022537469792
  ],
  "explained_var_rownorm": [
    0.6384984829621818,
    0.16143971470595106,
    0.06392379827560463,
    0.03308257464485235,
    0.02150997470026552,
    0.015560065610531361,
    0.010931429007664537,
    0.008317850549294447,
    0.0068469088003337165,
    0.0056570088063956645,
    0.004471694319506602,
    0.003567318710310846,
    0.002947736942492874,
    0.002477628031304773,
    0.002155068975757624,
    0.0018211334848042887,
    0.0015887090236675248,
    0.0013921889739681743,
    0.0012410395886514791,
    0.001133276009111999
  ]
}