{
  "beta2": 0.99,
  "trunk_dim": 25165824,
  "n_checkpoints": 51,
  "pc1_pct_rownorm": 68.7539707645158,
  "pc2_pct_rownorm": 14.803525799184921,
  "pc1_pct_raw": 83.14842420021994,
  "singular_values_rownorm": [
    5.921530637419958,
    2.7476896035732175,
    1.686675612077559,
    1.197931769771989,
    0.988002247574959,
    0.8049969192585178,
    0.6663150817189134,
    0.5754550075776919,
    0.5259201639851726,
    0.4516995677442177,
    0.4109465981639322,
    0.3564770050420337,
    0.3233139024653785,
    0.29512953493320593,
    0.26974863584892195,
    0.2539259429507565,
    0.23769695226964185,
    0.22250244946878964,
    0.2109702272606326,
    0.19641627438028963
  ],
  "explained_var_rownorm": [
    0.687539707645158,
    0.14803525799184922,
    0.05578185530151363,
    0.028138049510373388,
    0.01914016551398365,
    0.012706275294425522,
    0.008705407610315298,
    0.0064931071714949,
    0.00542337291933705,
    0.0040006372451041605,
    0.0033113158145589724,
    0.0024916834337987757,
    0.0020496446966155255,
    0.001707871419409608,
    0.00142675150083047,
    0.0012642820490868733,
    0.0011078400219269831,
    0.0009707321572472757,
    0.0008727144468706425,
    0.0007564578988516283
  ]
}