{
  "beta2": 0.95,
  "trunk_dim": 25165824,
  "n_checkpoints": 51,
  "pc1_pct_rownorm": 68.34371272457395,
  "pc2_pct_rownorm": 14.70496766487045,
  "pc1_pct_raw": 82.49703740464899,
  "singular_values_rownorm": [
    5.903837183521792,
    2.7385276170023043,
    1.7085902894890004,
    1.2216037554202892,
    0.9847894604334284,
    0.8053118069645557,
    0.6865128388355182,
    0.5842031771623619,
    0.5274465188096633,
    0.4678330119179357,
    0.41487669404998256,
    0.3736008995925568,
    0.33359343094176114,
    0.3037653808019836,
    0.2838311082745094,
    0.26356843039451167,
    0.24510903261286515,
    0.23005686270819428,
    0.215899056097186,
    0.20594105495996742
  ],
  "explained_var_rownorm": [
    0.6834371272457395,
    0.1470496766487045,
    0.05724079955560695,
    0.029261092848174044,
    0.019015887870210052,
    0.012716217773264395,
    0.00924117407619564,
    0.006692026513854516,
    0.005454898631459177,
    0.004291524059611686,
    0.0033749543385457625,
    0.002736816317183539,
    0.002182050532695878,
    0.001809282481838614,
    0.0015796097651829821,
    0.001362123872561234,
    0.001178008585655127,
    0.001037767844688906,
    0.0009139686749735969,
    0.0008316023160396494
  ]
}