{
  "seed_42": {
    "0-2000": {
      "gamma_a": 2.0738570886771117,
      "C_a": 1.2171504498096615e-05,
      "R2_a": 0.9991775367005088,
      "gamma_r": 1.2391826842408615,
      "C_r": 0.00848557436262547,
      "R2_r": 0.9938683890336759
    },
    "2000-4000": {
      "gamma_a": 0.6741722528656812,
      "C_a": 0.49841715557881283,
      "R2_a": 0.9809564079906479,
      "gamma_r": -0.3939407614681319,
      "C_r": 2004.645091822868,
      "R2_r": 0.8655312462757582
    },
    "0-4000": {
      "gamma_a": 1.740166219416091,
      "C_a": 0.00010667141927072672,
      "R2_a": 0.9700298875406766,
      "gamma_r": 0.8408048202307228,
      "C_r": 0.11314662394537074,
      "R2_r": 0.8415658584051517
    },
    "4000-6000": {
      "gamma_a": 0.15283967141975333,
      "C_a": 37.12718281732157,
      "R2_a": 0.9346630546277603,
      "gamma_r": -1.3312711664674255,
      "C_r": 4736795.2101385305,
      "R2_r": 0.9971034062509737
    },
    "4000-10000": {
      "gamma_a": -0.07600380143306035,
      "C_a": 262.4834610394772,
      "R2_a": 0.4768850345681084,
      "gamma_r": -0.29372952779105393,
      "C_r": 658.1635062871449,
      "R2_r": 0.33404477675207356
    },
    "6000-10000": {
      "gamma_a": -0.18717673357264006,
      "C_a": 714.3620263976335,
      "R2_a": 0.9987931268548536,
      "gamma_r": 0.3635596751553888,
      "C_r": 1.7604936137415135,
      "R2_r": 0.9775544214476017
    }
  },
  "seed_271": {
    "0-2000": {
      "gamma_a": 2.0672973826843206,
      "C_a": 1.2663815658359928e-05,
      "R2_a": 0.9993692977445852,
      "gamma_r": 1.256461439822439,
      "C_r": 0.0076433163734477665,
      "R2_r": 0.9955479566067222
    },
    "2000-4000": {
      "gamma_a": 0.6671659941796381,
      "C_a": 0.5388793167732655,
      "R2_a": 0.9804608068532242,
      "gamma_r": -0.43133616248194706,
      "C_r": 2760.87633213523,
      "R2_r": 0.8940181199686928
    },
    "0-4000": {
      "gamma_a": 1.7504176940677656,
      "C_a": 9.969928034387795e-05,
      "R2_a": 0.972130842533175,
      "gamma_r": 0.8497730752892664,
      "C_r": 0.10764056711387036,
      "R2_r": 0.8387835156565593
    },
    "4000-6000": {
      "gamma_a": 0.121536089025766,
      "C_a": 49.56075398344327,
      "R2_a": 0.8475152076272402,
      "gamma_r": -1.3832934819907976,
      "C_r": 7424105.671691823,
      "R2_r": 0.997268572134058
    },
    "4000-10000": {
      "gamma_a": -0.10037860291875891,
      "C_a": 329.91265991223804,
      "R2_a": 0.6463786963632951,
      "gamma_r": -0.3481530123834304,
      "C_r": 1051.5979002855463,
      "R2_r": 0.4066251849909628
    },
    "6000-10000": {
      "gamma_a": -0.1972777480076179,
      "C_a": 789.3159958012423,
      "R2_a": 0.998482794009813,
      "gamma_r": 0.3220463499612323,
      "C_r": 2.503106782012244,
      "R2_r": 0.9334353960550495
    }
  }
}