{
  "method": "row-normalized uncentered SVD on trunk params",
  "trunk_dim": 25165824,
  "n_checkpoints": 50,
  "singular_values_rownorm": [
    5.891359998902823,
    2.3850732797173735,
    1.744047859853187,
    1.270341185545115,
    1.0432439215775131,
    0.8576525959768615,
    0.7355513932644006,
    0.6356735176490133,
    0.5627668008944093,
    0.51014174833842
  ],
  "explained_var_rownorm": [
    0.7171372281511706,
    0.11753699925955415,
    0.06284749066558527,
    0.033343555054659246,
    0.022487587744355383,
    0.015198263084031572,
    0.0111788515728954,
    0.008349094619243061,
    0.006543770862533733,
    0.005377158985971541
  ],
  "pc1_pct_rownorm": 71.71372281511707,
  "singular_values_raw": [
    841.0116053291138,
    303.39883080759574,
    180.34292867395044,
    125.55821319377377,
    97.34713461658305,
    78.64046023046066,
    66.99950707471532,
    57.34579178557121,
    51.062270699107366,
    46.23956425107258
  ],
  "explained_var_raw": [
    0.7926946179837457,
    0.10316437172912224,
    0.0364502212013901,
    0.017668195061596684,
    0.010620581046768144,
    0.006930970093908476,
    0.0050308937702543315,
    0.003685573181167653,
    0.002922147805558868,
    0.002396234946085711
  ],
  "pc1_pct_raw": 79.26946179837458
}