{
  "method": "row-normalized uncentered SVD on trunk params",
  "trunk_dim": 25165824,
  "n_checkpoints": 50,
  "singular_values_rownorm": [
    5.884714057514285,
    2.416690338683444,
    1.7438083746763435,
    1.2831812136953438,
    1.0331138809629294,
    0.8616414474496402,
    0.7302862759738523,
    0.63674507439319,
    0.5612747829728081,
    0.5080541254549165
  ],
  "explained_var_rownorm": [
    0.71432209151769,
    0.12047179001652311,
    0.06272502883322648,
    0.033964039478067795,
    0.022016067349333167,
    0.015314277583738116,
    0.01100093579166764,
    0.008363239612173634,
    0.006498220034334284,
    0.005324309783245898
  ],
  "pc1_pct_rownorm": 71.432209151769,
  "singular_values_raw": [
    828.9709313159301,
    304.8518694189899,
    179.52955625980786,
    121.83974281280916,
    94.1456350571458,
    75.96076172020362,
    64.6027950124245,
    55.49939907453544,
    49.26386388055943,
    44.1090516045793
  ],
  "explained_var_raw": [
    0.7913827500926728,
    0.10702511447884636,
    0.03711760030581617,
    0.017095662014082358,
    0.010207240663103051,
    0.0066448716725734745,
    0.004806296865083507,
    0.0035471907028905942,
    0.0027948912825308454,
    0.002240595276235247
  ],
  "pc1_pct_raw": 79.13827500926728
}