{
  "model": "allenai/OLMoE-1B-7B-0924",
  "revision": "main",
  "batch_file": "natural_induction_batch.pt",
  "n_examples": 2000,
  "induction_circuit": {
    "5": [
      10
    ],
    "7": [
      0
    ],
    "9": [
      8
    ],
    "12": [
      14
    ]
  },
  "matched_random": {
    "5": [
      7
    ],
    "7": [
      7
    ],
    "9": [
      13
    ],
    "12": [
      7
    ]
  },
  "results": [
    {
      "name": "baseline",
      "spec": {},
      "n_ablated": 0,
      "loss": 6.55078125,
      "acc_top1": 0.26649999618530273,
      "acc_top5": 0.3944999873638153,
      "mean_logit_S": 10.287134765625
    },
    {
      "name": "ablate_4_induction_heads (L5H10, L7H0, L9H8, L12H14)",
      "spec": {
        "5": [
          10
        ],
        "7": [
          0
        ],
        "9": [
          8
        ],
        "12": [
          14
        ]
      },
      "n_ablated": 4,
      "loss": 6.625,
      "acc_top1": 0.2515000104904175,
      "acc_top5": 0.3855000138282776,
      "mean_logit_S": 10.0178583984375
    },
    {
      "name": "ablate_matched_random_same_layers ({5: [7], 7: [7], 9: [13], 12: [7]})",
      "spec": {
        "5": [
          7
        ],
        "7": [
          7
        ],
        "9": [
          13
        ],
        "12": [
          7
        ]
      },
      "n_ablated": 4,
      "loss": 6.59375,
      "acc_top1": 0.2644999921321869,
      "acc_top5": 0.39100000262260437,
      "mean_logit_S": 10.2667421875
    },
    {
      "name": "ablate_all_heads_in_those_4_layers (upper bound)",
      "spec": {
        "5": [
          0,
          1,
          2,
          3,
          4,
          5,
          6,
          7,
          8,
          9,
          10,
          11,
          12,
          13,
          14,
          15
        ],
        "7": [
          0,
          1,
          2,
          3,
          4,
          5,
          6,
          7,
          8,
          9,
          10,
          11,
          12,
          13,
          14,
          15
        ],
        "9": [
          0,
          1,
          2,
          3,
          4,
          5,
          6,
          7,
          8,
          9,
          10,
          11,
          12,
          13,
          14,
          15
        ],
        "12": [
          0,
          1,
          2,
          3,
          4,
          5,
          6,
          7,
          8,
          9,
          10,
          11,
          12,
          13,
          14,
          15
        ]
      },
      "n_ablated": 64,
      "loss": 5.8671875,
      "acc_top1": 0.24950000643730164,
      "acc_top5": 0.3919999897480011,
      "mean_logit_S": 9.697361328125
    },
    {
      "name": "ablate_L5H10_only",
      "spec": {
        "5": [
          10
        ]
      },
      "n_ablated": 1,
      "loss": 6.5546875,
      "acc_top1": 0.2669999897480011,
      "acc_top5": 0.39149999618530273,
      "mean_logit_S": 10.2768134765625
    },
    {
      "name": "ablate_L7H0_only",
      "spec": {
        "7": [
          0
        ]
      },
      "n_ablated": 1,
      "loss": 6.5703125,
      "acc_top1": 0.26649999618530273,
      "acc_top5": 0.3919999897480011,
      "mean_logit_S": 10.270974609375
    },
    {
      "name": "ablate_L9H8_only",
      "spec": {
        "9": [
          8
        ]
      },
      "n_ablated": 1,
      "loss": 6.578125,
      "acc_top1": 0.26100000739097595,
      "acc_top5": 0.3894999921321869,
      "mean_logit_S": 10.20997216796875
    },
    {
      "name": "ablate_L12H14_only",
      "spec": {
        "12": [
          14
        ]
      },
      "n_ablated": 1,
      "loss": 6.5703125,
      "acc_top1": 0.2619999945163727,
      "acc_top5": 0.3919999897480011,
      "mean_logit_S": 10.1865361328125
    }
  ]
}