{
  "model": "allenai/OLMo-1B-0724-hf",
  "revision": "main",
  "n_examples": 2000,
  "top_k": 45,
  "induction_threshold": 50.0,
  "spectral_picks_layers": [
    0,
    2,
    1,
    3,
    14,
    4,
    13,
    11,
    5,
    12
  ],
  "n_induction_screen": 3,
  "results": [
    {
      "name": "baseline",
      "spec": {},
      "n_ablated": 0,
      "loss": 9.4765625,
      "acc_top1": 0.009999999776482582,
      "acc_top5": 0.024000000208616257,
      "mean_logit_B": 2.5567066650390626
    },
    {
      "name": "ablate_top45_by_integral",
      "spec": {
        "0": [
          1,
          0,
          10,
          13,
          2,
          15,
          12,
          6,
          11,
          5,
          8,
          14,
          4,
          9
        ],
        "2": [
          5,
          2,
          11,
          1,
          12
        ],
        "1": [
          2,
          14,
          1,
          7,
          5,
          15,
          3,
          8,
          13
        ],
        "3": [
          7,
          2,
          15,
          9
        ],
        "14": [
          9,
          1,
          4,
          13,
          0
        ],
        "4": [
          12,
          9
        ],
        "13": [
          11,
          1,
          10
        ],
        "11": [
          10
        ],
        "5": [
          14
        ],
        "12": [
          8
        ]
      },
      "n_ablated": 45,
      "loss": 12.5078125,
      "acc_top1": 0.0,
      "acc_top5": 0.0005000000237487257,
      "mean_logit_B": 0.56893408203125
    },
    {
      "name": "ablate_matched_random_same_layers",
      "spec": {
        "0": [
          3,
          7
        ],
        "2": [
          0,
          7,
          8,
          10,
          13
        ],
        "1": [
          0,
          4,
          6,
          9,
          10,
          11,
          12
        ],
        "3": [
          3,
          6,
          8,
          10
        ],
        "14": [
          6,
          10,
          11,
          14,
          15
        ],
        "4": [
          7,
          13
        ],
        "13": [
          0,
          2,
          6
        ],
        "11": [
          12
        ],
        "5": [
          15
        ],
        "12": [
          9
        ]
      },
      "n_ablated": 31,
      "loss": 10.6640625,
      "acc_top1": 0.013500000350177288,
      "acc_top5": 0.027000000700354576,
      "mean_logit_B": 2.0864090881347654
    },
    {
      "name": "ablate_full_spec_layers (upper bound)",
      "spec": {
        "0": [
          0,
          1,
          2,
          3,
          4,
          5,
          6,
          7,
          8,
          9,
          10,
          11,
          12,
          13,
          14,
          15
        ],
        "2": [
          0,
          1,
          2,
          3,
          4,
          5,
          6,
          7,
          8,
          9,
          10,
          11,
          12,
          13,
          14,
          15
        ],
        "1": [
          0,
          1,
          2,
          3,
          4,
          5,
          6,
          7,
          8,
          9,
          10,
          11,
          12,
          13,
          14,
          15
        ],
        "3": [
          0,
          1,
          2,
          3,
          4,
          5,
          6,
          7,
          8,
          9,
          10,
          11,
          12,
          13,
          14,
          15
        ],
        "14": [
          0,
          1,
          2,
          3,
          4,
          5,
          6,
          7,
          8,
          9,
          10,
          11,
          12,
          13,
          14,
          15
        ],
        "4": [
          0,
          1,
          2,
          3,
          4,
          5,
          6,
          7,
          8,
          9,
          10,
          11,
          12,
          13,
          14,
          15
        ],
        "13": [
          0,
          1,
          2,
          3,
          4,
          5,
          6,
          7,
          8,
          9,
          10,
          11,
          12,
          13,
          14,
          15
        ],
        "11": [
          0,
          1,
          2,
          3,
          4,
          5,
          6,
          7,
          8,
          9,
          10,
          11,
          12,
          13,
          14,
          15
        ],
        "5": [
          0,
          1,
          2,
          3,
          4,
          5,
          6,
          7,
          8,
          9,
          10,
          11,
          12,
          13,
          14,
          15
        ],
        "12": [
          0,
          1,
          2,
          3,
          4,
          5,
          6,
          7,
          8,
          9,
          10,
          11,
          12,
          13,
          14,
          15
        ]
      },
      "n_ablated": 160,
      "loss": 11.4375,
      "acc_top1": 0.0,
      "acc_top5": 0.0005000000237487257,
      "mean_logit_B": 0.6664568481445312
    },
    {
      "name": "ablate_induction_screen_>=50x (3h)",
      "spec": {
        "2": [
          11
        ],
        "4": [
          12
        ],
        "12": [
          8
        ]
      },
      "n_ablated": 3,
      "loss": 10.5,
      "acc_top1": 0.0005000000237487257,
      "acc_top5": 0.006500000134110451,
      "mean_logit_B": 1.5844522399902343
    }
  ]
}