{
  "model": "allenai/OLMoE-1B-7B-0924",
  "revision": "main",
  "n_examples": 2000,
  "top_k": 45,
  "induction_threshold": 50.0,
  "spectral_picks_layers": [
    1,
    0,
    2,
    6,
    4,
    5,
    8,
    3,
    7,
    10,
    9,
    11,
    15,
    13,
    14
  ],
  "n_induction_screen": 4,
  "results": [
    {
      "name": "baseline",
      "spec": {},
      "n_ablated": 0,
      "loss": 8.515625,
      "acc_top1": 0.04800000041723251,
      "acc_top5": 0.10750000178813934,
      "mean_logit_B": 2.1541602783203126
    },
    {
      "name": "ablate_top45_by_integral",
      "spec": {
        "1": [
          5,
          3,
          9,
          12,
          7,
          15,
          10
        ],
        "0": [
          14,
          15,
          1
        ],
        "2": [
          7,
          8,
          9,
          14,
          6,
          4,
          1
        ],
        "6": [
          9,
          6,
          1,
          4
        ],
        "4": [
          12,
          4,
          10,
          2,
          7
        ],
        "5": [
          5,
          8
        ],
        "8": [
          10
        ],
        "3": [
          4,
          8,
          9,
          10,
          13
        ],
        "7": [
          0,
          7,
          15
        ],
        "10": [
          2
        ],
        "9": [
          8
        ],
        "11": [
          11,
          14
        ],
        "15": [
          1
        ],
        "13": [
          3,
          4
        ],
        "14": [
          2
        ]
      },
      "n_ablated": 45,
      "loss": 11.6015625,
      "acc_top1": 0.0,
      "acc_top5": 0.0,
      "mean_logit_B": -0.4465433502197266
    },
    {
      "name": "ablate_matched_random_same_layers",
      "spec": {
        "1": [
          0,
          1,
          4,
          8,
          11,
          13,
          14
        ],
        "0": [
          5,
          6,
          8
        ],
        "2": [
          2,
          3,
          5,
          10,
          11,
          12,
          13
        ],
        "6": [
          8,
          10,
          13,
          15
        ],
        "4": [
          0,
          6,
          11,
          14,
          15
        ],
        "5": [
          1,
          14
        ],
        "8": [
          12
        ],
        "3": [
          3,
          6,
          7,
          11,
          15
        ],
        "7": [
          3,
          8,
          12
        ],
        "10": [
          5
        ],
        "9": [
          2
        ],
        "11": [
          4,
          15
        ],
        "15": [
          12
        ],
        "13": [
          1,
          15
        ],
        "14": [
          3
        ]
      },
      "n_ablated": 45,
      "loss": 10.7890625,
      "acc_top1": 0.0010000000474974513,
      "acc_top5": 0.0035000001080334187,
      "mean_logit_B": 0.156745849609375
    },
    {
      "name": "ablate_full_spec_layers (upper bound)",
      "spec": {
        "1": [
          0,
          1,
          2,
          3,
          4,
          5,
          6,
          7,
          8,
          9,
          10,
          11,
          12,
          13,
          14,
          15
        ],
        "0": [
          0,
          1,
          2,
          3,
          4,
          5,
          6,
          7,
          8,
          9,
          10,
          11,
          12,
          13,
          14,
          15
        ],
        "2": [
          0,
          1,
          2,
          3,
          4,
          5,
          6,
          7,
          8,
          9,
          10,
          11,
          12,
          13,
          14,
          15
        ],
        "6": [
          0,
          1,
          2,
          3,
          4,
          5,
          6,
          7,
          8,
          9,
          10,
          11,
          12,
          13,
          14,
          15
        ],
        "4": [
          0,
          1,
          2,
          3,
          4,
          5,
          6,
          7,
          8,
          9,
          10,
          11,
          12,
          13,
          14,
          15
        ],
        "5": [
          0,
          1,
          2,
          3,
          4,
          5,
          6,
          7,
          8,
          9,
          10,
          11,
          12,
          13,
          14,
          15
        ],
        "8": [
          0,
          1,
          2,
          3,
          4,
          5,
          6,
          7,
          8,
          9,
          10,
          11,
          12,
          13,
          14,
          15
        ],
        "3": [
          0,
          1,
          2,
          3,
          4,
          5,
          6,
          7,
          8,
          9,
          10,
          11,
          12,
          13,
          14,
          15
        ],
        "7": [
          0,
          1,
          2,
          3,
          4,
          5,
          6,
          7,
          8,
          9,
          10,
          11,
          12,
          13,
          14,
          15
        ],
        "10": [
          0,
          1,
          2,
          3,
          4,
          5,
          6,
          7,
          8,
          9,
          10,
          11,
          12,
          13,
          14,
          15
        ],
        "9": [
          0,
          1,
          2,
          3,
          4,
          5,
          6,
          7,
          8,
          9,
          10,
          11,
          12,
          13,
          14,
          15
        ],
        "11": [
          0,
          1,
          2,
          3,
          4,
          5,
          6,
          7,
          8,
          9,
          10,
          11,
          12,
          13,
          14,
          15
        ],
        "15": [
          0,
          1,
          2,
          3,
          4,
          5,
          6,
          7,
          8,
          9,
          10,
          11,
          12,
          13,
          14,
          15
        ],
        "13": [
          0,
          1,
          2,
          3,
          4,
          5,
          6,
          7,
          8,
          9,
          10,
          11,
          12,
          13,
          14,
          15
        ],
        "14": [
          0,
          1,
          2,
          3,
          4,
          5,
          6,
          7,
          8,
          9,
          10,
          11,
          12,
          13,
          14,
          15
        ]
      },
      "n_ablated": 240,
      "loss": 13.0,
      "acc_top1": 0.0,
      "acc_top5": 0.0,
      "mean_logit_B": -0.8063502349853515
    },
    {
      "name": "ablate_induction_screen_>=50x (4h)",
      "spec": {
        "5": [
          10
        ],
        "7": [
          0
        ],
        "9": [
          8
        ],
        "12": [
          14
        ]
      },
      "n_ablated": 4,
      "loss": 10.640625,
      "acc_top1": 0.0,
      "acc_top5": 0.0024999999441206455,
      "mean_logit_B": 0.009734542846679687
    },
    {
      "name": "ablate_L7H0_only (induction class)",
      "spec": {
        "7": [
          0
        ]
      },
      "n_ablated": 1,
      "loss": 9.078125,
      "acc_top1": 0.01850000023841858,
      "acc_top5": 0.0494999997317791,
      "mean_logit_B": 1.5785679321289063
    },
    {
      "name": "ablate_L9H8_only (induction class)",
      "spec": {
        "9": [
          8
        ]
      },
      "n_ablated": 1,
      "loss": 9.875,
      "acc_top1": 0.0044999998062849045,
      "acc_top5": 0.012500000186264515,
      "mean_logit_B": 0.7533419494628906
    }
  ]
}