{
  "model": "EleutherAI/pythia-1b",
  "revision": "step143000",
  "n_examples": 2000,
  "top_k": 45,
  "induction_threshold": 50.0,
  "spectral_picks_layers": [
    3,
    1,
    0,
    6,
    2,
    7,
    5,
    4,
    11,
    10,
    13
  ],
  "n_induction_screen": 3,
  "results": [
    {
      "name": "baseline",
      "spec": {},
      "n_ablated": 0,
      "loss": 8.390625,
      "acc_top1": 0.04050000011920929,
      "acc_top5": 0.0885000005364418,
      "mean_logit_B": 3.516547119140625
    },
    {
      "name": "ablate_top45_by_integral",
      "spec": {
        "3": [
          6,
          5,
          7,
          2,
          3
        ],
        "1": [
          0,
          4,
          2,
          3,
          7
        ],
        "0": [
          7,
          1,
          5,
          0,
          4,
          3,
          6,
          2
        ],
        "6": [
          3,
          0,
          7
        ],
        "2": [
          1,
          0,
          3,
          5,
          6
        ],
        "7": [
          1,
          0,
          6,
          3
        ],
        "5": [
          7,
          3,
          6,
          5
        ],
        "4": [
          3,
          7,
          4
        ],
        "11": [
          2,
          6,
          5
        ],
        "10": [
          5,
          2,
          4,
          1
        ],
        "13": [
          2
        ]
      },
      "n_ablated": 45,
      "loss": 11.6875,
      "acc_top1": 0.0,
      "acc_top5": 0.0010000000474974513,
      "mean_logit_B": 1.1216810302734375
    },
    {
      "name": "ablate_matched_random_same_layers",
      "spec": {
        "3": [
          0,
          1,
          4
        ],
        "1": [
          1,
          5,
          6
        ],
        "0": [],
        "6": [
          1,
          2,
          5
        ],
        "2": [
          2,
          4,
          7
        ],
        "7": [
          2,
          4,
          5,
          7
        ],
        "5": [
          0,
          1,
          2,
          4
        ],
        "4": [
          2,
          5,
          6
        ],
        "11": [
          0,
          3,
          7
        ],
        "10": [
          0,
          3,
          6,
          7
        ],
        "13": [
          7
        ]
      },
      "n_ablated": 31,
      "loss": 9.5390625,
      "acc_top1": 0.005499999970197678,
      "acc_top5": 0.014499999582767487,
      "mean_logit_B": 2.7943013916015627
    },
    {
      "name": "ablate_full_spec_layers (upper bound)",
      "spec": {
        "3": [
          0,
          1,
          2,
          3,
          4,
          5,
          6,
          7
        ],
        "1": [
          0,
          1,
          2,
          3,
          4,
          5,
          6,
          7
        ],
        "0": [
          0,
          1,
          2,
          3,
          4,
          5,
          6,
          7
        ],
        "6": [
          0,
          1,
          2,
          3,
          4,
          5,
          6,
          7
        ],
        "2": [
          0,
          1,
          2,
          3,
          4,
          5,
          6,
          7
        ],
        "7": [
          0,
          1,
          2,
          3,
          4,
          5,
          6,
          7
        ],
        "5": [
          0,
          1,
          2,
          3,
          4,
          5,
          6,
          7
        ],
        "4": [
          0,
          1,
          2,
          3,
          4,
          5,
          6,
          7
        ],
        "11": [
          0,
          1,
          2,
          3,
          4,
          5,
          6,
          7
        ],
        "10": [
          0,
          1,
          2,
          3,
          4,
          5,
          6,
          7
        ],
        "13": [
          0,
          1,
          2,
          3,
          4,
          5,
          6,
          7
        ]
      },
      "n_ablated": 88,
      "loss": 11.875,
      "acc_top1": 0.0,
      "acc_top5": 0.0010000000474974513,
      "mean_logit_B": 1.2032073364257811
    },
    {
      "name": "ablate_induction_screen_>=50x (3h)",
      "spec": {
        "4": [
          4
        ],
        "7": [
          0,
          1
        ]
      },
      "n_ablated": 3,
      "loss": 10.3828125,
      "acc_top1": 0.0024999999441206455,
      "acc_top5": 0.006000000052154064,
      "mean_logit_B": 1.7320133056640625
    },
    {
      "name": "ablate_L4H4_only (induction class)",
      "spec": {
        "4": [
          4
        ]
      },
      "n_ablated": 1,
      "loss": 9.1875,
      "acc_top1": 0.016499999910593033,
      "acc_top5": 0.03799999877810478,
      "mean_logit_B": 2.7209140625
    },
    {
      "name": "ablate_L7H0_only (induction class)",
      "spec": {
        "7": [
          0
        ]
      },
      "n_ablated": 1,
      "loss": 8.9140625,
      "acc_top1": 0.02500000037252903,
      "acc_top5": 0.050999999046325684,
      "mean_logit_B": 3.124227783203125
    }
  ]
}